<?xml version="1.0" encoding="UTF-8"?>
<!--
 * RESTHeart - the data REST API server
 * Copyright (C) 2014 - 2015 SoftInstigate Srl
 * 
 * This program is free software: you can redistribute it and/or modify
 * it under the terms of the GNU Affero General Public License as
 * published by the Free Software Foundation, either version 3 of the
 * License, or (at your option) any later version.
 * 
 * This program is distributed in the hope that it will be useful,
 * but WITHOUT ANY WARRANTY; without even the implied warranty of
 * MERCHANTABILITY or FITNESS FOR A PARTICULAR PURPOSE.  See the
 * GNU Affero General Public License for more details.
 * 
 * You should have received a copy of the GNU Affero General Public License
 * along with this program.  If not, see <http://www.gnu.org/licenses/>.
-->

<configuration>
    <appender name="STDOUT" class="ch.qos.logback.core.ConsoleAppender">
        <encoder>
            <pattern>%d{HH:mm:ss.SSS} [%thread] %-5level %logger{36} - %msg%n</pattern>
        </encoder>
    </appender>
    
    <root level="ERROR">
        <appender-ref ref="STDOUT" />
    </root>
    
    <logger name="org.restheart" level="INFO"/>
    
    <logger name="com.ultimo" level="INFO"/>
</configuration>
